Station,betweenness_centrality,closeness_centrality,infomation_centrality
Bank and Monument,0.221503759,7.74E-05,0.706970934
King's Cross St. Pancras,0.209674185,7.90E-05,0.693375715
Stratford,0.182493734,6.32E-05,0.693924134
Baker Street,0.16424812,7.63E-05,0.682667767
Oxford Circus,0.157305764,7.87E-05,0.678048591
Euston,0.155137845,7.72E-05,0.64567972
Earl's Court,0.143521303,6.66E-05,0.629546843
Shadwell,0.139448622,7.24E-05,0.670797758
Waterloo,0.130213033,7.68E-05,0.690971584
South Kensington,0.129110276,6.98E-05,0.592709895
Gloucester Road,0.127243108,6.83E-05,0.604090901
Highbury & Islington,0.123320802,7.41E-05,0.677469576
Victoria,0.11575188,7.43E-05,0.638503919
Wembley Park,0.113170426,4.85E-05,0.648872908
Hammersmith,0.108446115,6.01E-05,0.571033
West Hampstead,0.107969925,6.55E-05,0.603789493
Turnham Green,0.107606516,5.61E-05,0.573388677
Liverpool Street,0.106152882,7.69E-05,0.694687689
Limehouse,0.100714286,6.82E-05,0.58701019
Canonbury,0.100426065,7.22E-05,0.604315177
Whitechapel,0.099862155,7.35E-05,0.644292215
Westferry,0.098308271,6.60E-05,0.551793622
Mile End,0.097869674,6.85E-05,0.669621885
Camden Town,0.096478697,7.05E-05,0.5688192
Finsbury Park,0.096378446,6.73E-05,0.645313049
Harrow-on-the-Hill,0.094473684,4.18E-05,0.495248456
Sloane Square,0.094423559,7.11E-05,0.589211826
London Bridge,0.092142857,7.56E-05,0.641562271
Preston Road,0.091616541,4.60E-05,0.575548017
Acton Town,0.091528822,5.14E-05,0.556313593
Canada Water,0.090977444,6.82E-05,0.6301026
Leyton,0.090714286,5.63E-05,0.620941841
Barons Court,0.090413534,6.22E-05,0.589321072
Westminster,0.089323308,7.60E-05,0.665093204
Willesden Junction,0.088822055,5.91E-05,0.637675843
Northwick Park,0.087869674,4.35E-05,0.533800637
Leytonstone,0.086541353,5.19E-05,0.546859461
Finchley Road,0.086140351,6.57E-05,0.663674745
Poplar,0.085902256,6.46E-05,0.526628759
St. James's Park,0.084761905,7.42E-05,0.567132707
Holborn,0.084210526,7.92E-05,0.611300373
Euston Square,0.081466165,7.67E-05,0.60234847
Gospel Oak,0.081428571,6.37E-05,0.545349483
Great Portland Street,0.080614035,7.62E-05,0.587858153
West Ham,0.080012531,6.20E-05,0.662158763
Seven Sisters,0.079724311,5.83E-05,0.628190725
Dalston Kingsland,0.078533835,6.86E-05,0.557894413
Paddington,0.078333333,7.10E-05,0.588638137
Canning Town,0.077719298,6.03E-05,0.638148618
Moorgate,0.076679198,7.71E-05,0.643381046
Stepney Green,0.076441103,7.08E-05,0.608421571
Hackney Central,0.075827068,6.57E-05,0.546044151
Edgware Road,0.074598997,7.33E-05,0.611875761
Finchley Road & Frognal,0.074398496,6.44E-05,0.529305829
Homerton,0.073822055,6.38E-05,0.567185151
Hampstead Heath,0.073609023,6.33E-05,0.524410422
Hackney Wick,0.072719298,6.27E-05,0.61647585
Surrey Quays,0.072042607,6.59E-05,0.512123869
Shepherd's Bush,0.071328321,6.43E-05,0.636612216
Farringdon,0.071303258,7.65E-05,0.623598848
Barbican,0.071002506,7.62E-05,0.553251328
Regent's Park,0.070513784,7.56E-05,0.613379062
Caledonian Road,0.070275689,7.03E-05,0.62267212
Tottenham Court Road,0.069849624,7.89E-05,0.625674113
Chancery Lane,0.069423559,7.82E-05,0.555458307
St. Paul's,0.068408521,7.71E-05,0.585160589
Holloway Road,0.067869674,6.89E-05,0.524739258
Caledonian Road & Barnsbury,0.066253133,7.13E-05,0.559381318
Arsenal,0.065839599,6.77E-05,0.54012378
Kilburn,0.065463659,6.21E-05,0.534667888
Notting Hill Gate,0.06481203,6.86E-05,0.607125214
Canary Wharf,0.063759398,6.41E-05,0.62554754
Camden Road,0.063220551,6.62E-05,0.535151476
Green Park,0.062994987,7.70E-05,0.688045442
Bethnal Green,0.062180451,7.04E-05,0.66321003
Blackwall,0.062005013,6.27E-05,0.484172329
Willesden Green,0.061315789,5.85E-05,0.51514083
Kentish Town West,0.061027569,6.46E-05,0.522879168
East India,0.05962406,6.20E-05,0.550815596
Embankment,0.059448622,7.80E-05,0.624684364
Charing Cross,0.059411028,7.83E-05,0.566036288
Harlesden,0.058345865,5.56E-05,0.527681757
Cambridge Heath,0.058070175,6.72E-05,0.560285038
Maryland,0.057719298,5.98E-05,0.55890127
Dollis Hill,0.057155388,5.52E-05,0.522908662
Aldgate East,0.055977444,7.50E-05,0.63509885
Bermondsey,0.055100251,6.95E-05,0.616945527
London Fields,0.054110276,6.39E-05,0.530982823
West Brompton,0.053721805,6.45E-05,0.589937032
North Harrow,0.053621554,3.88E-05,0.452564027
Stonebridge Park,0.053621554,5.15E-05,0.465708533
Forest Gate,0.053057644,5.58E-05,0.498910804
West India Quay,0.053045113,6.48E-05,0.514233607
Neasden,0.052994987,5.33E-05,0.597555411
Bond Street,0.051942356,7.69E-05,0.672645166
Stockwell,0.050864662,6.40E-05,0.537311355
Hackney Downs,0.05075188,6.12E-05,0.540280992
Piccadilly Circus,0.050626566,7.83E-05,0.633779139
Holland Park,0.049498747,6.60E-05,0.569730571
Plaistow,0.049448622,5.89E-05,0.561337598
Bow Road,0.049423559,6.62E-05,0.560065973
Warren Street,0.049160401,7.72E-05,0.62596607
Pinner,0.04887218,3.68E-05,0.406611551
Wembley Central,0.04887218,4.76E-05,0.422322367
South Ealing,0.04887218,4.66E-05,0.506160715
Kentish Town,0.04887218,6.50E-05,0.486712519
Manor Park,0.04839599,5.16E-05,0.462892372
Marble Arch,0.04839599,7.45E-05,0.54324726
Snaresbrook,0.048308271,4.80E-05,0.489406718
Bromley-by-Bow,0.046240602,6.38E-05,0.583084018
Lancaster Gate,0.045626566,7.10E-05,0.518518066
White City,0.045463659,6.01E-05,0.562601445
Rayners Lane,0.045363409,3.91E-05,0.448884283
Ealing Common,0.045075188,4.95E-05,0.534582338
Barking,0.044887218,4.71E-05,0.5130219
Upton Park,0.044874687,5.50E-05,0.527434597
Kennington,0.044824561,7.06E-05,0.634751216
Northwood Hills,0.044097744,3.42E-05,0.379383895
Heron Quays,0.044097744,6.27E-05,0.372809898
North Wembley,0.044097744,4.48E-05,0.377290383
Northfields,0.044097744,4.57E-05,0.355008389
Bruce Grove,0.044097744,5.43E-05,0.532524277
New Cross Gate,0.044097744,5.83E-05,0.468236157
Tufnell Park,0.044097744,6.20E-05,0.391709657
Ilford,0.043721805,4.74E-05,0.43966596
Queensway,0.043696742,6.91E-05,0.521726205
South Woodford,0.043596491,4.53E-05,0.439634346
Southwark,0.043295739,7.57E-05,0.594162596
Brondesbury,0.042857143,6.34E-05,0.542437669
West Harrow,0.042794486,4.05E-05,0.465455093
Blackhorse Road,0.042593985,5.33E-05,0.589591887
North Acton,0.042518797,5.28E-05,0.509964932
East Acton,0.041629073,5.53E-05,0.533703206
East Ham,0.040401003,5.17E-05,0.513367379
Brondesbury Park,0.04,6.17E-05,0.540453734
Woodford,0.039323308,4.22E-05,0.412757079
Northwood,0.039298246,3.25E-05,0.347554917
South Quay,0.039298246,6.04E-05,0.305802049
South Kenton,0.039298246,4.31E-05,0.326820633
Boston Manor,0.039298246,4.39E-05,0.309760996
White Hart Lane,0.039298246,5.10E-05,0.455895823
Brockley,0.039298246,5.46E-05,0.408613969
Chalk Farm,0.039298246,6.61E-05,0.466541834
Clapham North,0.039298246,6.05E-05,0.441831887
Archway,0.039298246,5.86E-05,0.340320402
Royal Oak,0.039223058,6.73E-05,0.494292844
Seven Kings,0.039047619,4.36E-05,0.422646631
Hyde Park Corner,0.038508772,7.41E-05,0.563101248
Kensal Rise,0.037606516,5.98E-05,0.58386041
Queen's Park,0.036766917,6.21E-05,0.591758868
North Ealing,0.036403509,4.76E-05,0.478242014
Knightsbridge,0.035827068,7.24E-05,0.550967169
Westbourne Park,0.035213033,6.40E-05,0.439192995
Tower Hill,0.03518797,7.46E-05,0.62133534
Borough,0.035062657,7.30E-05,0.541188834
Moor Park,0.034598997,3.04E-05,0.327782229
Royal Victoria,0.034473684,5.70E-05,0.511223811
Crossharbour,0.034473684,5.84E-05,0.255410621
Kenton,0.034473684,4.07E-05,0.299637916
Manor House,0.034473684,6.28E-05,0.527821809
Osterley,0.034473684,3.96E-05,0.295976945
Silver Street,0.034473684,4.82E-05,0.397718964
Honor Oak Park,0.034473684,5.00E-05,0.374631463
Belsize Park,0.034473684,6.20E-05,0.397724413
Clapham Common,0.034473684,5.83E-05,0.349370706
Highgate,0.034473684,5.38E-05,0.314414421
South Hampstead,0.034448622,6.42E-05,0.624202005
Goodmayes,0.034373434,4.20E-05,0.398940399
Kensal Green,0.033421053,6.00E-05,0.59714213
Elephant & Castle,0.033320802,7.28E-05,0.581108656
Upney,0.033195489,4.45E-05,0.468604496
Kilburn High Road,0.032932331,6.30E-05,0.582370585
Park Royal,0.032243108,4.57E-05,0.45164551
Ladbroke Grove,0.031566416,6.17E-05,0.399325055
Oval,0.030526316,6.66E-05,0.55649027
Edmonton Green,0.029724311,4.57E-05,0.352453097
Chadwell Heath,0.029686717,3.99E-05,0.388291406
Mudchute,0.02962406,5.69E-05,0.210743835
Custom House,0.02962406,5.52E-05,0.385454254
Harrow & Wealdstone,0.02962406,3.81E-05,0.281348426
Hanger Lane,0.02962406,4.69E-05,0.472009114
Turnpike Lane,0.02962406,5.50E-05,0.485137444
Hounslow East,0.02962406,3.82E-05,0.264644687
Forest Hill,0.02962406,4.71E-05,0.335918906
Fulham Broadway,0.02962406,6.10E-05,0.474924695
Hampstead,0.02962406,5.79E-05,0.351762109
Clapham South,0.02962406,5.44E-05,0.315326223
East Finchley,0.02962406,4.93E-05,0.29396334
Wanstead,0.029047619,4.79E-05,0.488717214
Becontree,0.028508772,4.12E-05,0.444975193
Latimer Road,0.02839599,6.01E-05,0.375128302
Wapping,0.028345865,6.87E-05,0.551173406
Alperton,0.028095238,4.26E-05,0.442606581
Pimlico,0.027706767,6.78E-05,0.576788876
Rotherhithe,0.026403509,6.79E-05,0.500591914
Rectory Road,0.026290727,5.80E-05,0.511854781
Romford,0.025827068,3.50E-05,0.385959118
Wood Lane,0.02575188,5.91E-05,0.371664525
Gunnersbury,0.025501253,5.29E-05,0.549144802
Vauxhall,0.024862155,6.48E-05,0.535397688
Tottenham Hale,0.024799499,5.55E-05,0.58460345
Sydenham,0.024799499,4.43E-05,0.307521478
Finchley Central,0.024799499,4.42E-05,0.280435493
Eastcote,0.024749373,3.66E-05,0.409573849
Island Gardens,0.024749373,5.52E-05,0.183554977
Prince Regent,0.024749373,5.37E-05,0.299758586
Perivale,0.024749373,4.26E-05,0.436100116
Wood Green,0.024749373,5.24E-05,0.40335825
Hounslow Central,0.024749373,3.72E-05,0.232540549
Headstone Lane,0.024749373,3.56E-05,0.265640653
Parsons Green,0.024749373,5.85E-05,0.376015212
Golders Green,0.024749373,5.10E-05,0.33268059
Balham,0.024749373,5.13E-05,0.285464964
Stamford Hill,0.024548872,5.73E-05,0.549860372
Stoke Newington,0.024411028,5.69E-05,0.515713287
Upper Holloway,0.024385965,5.79E-05,0.530000754
Shepherd's Bush Market,0.024235589,5.85E-05,0.396885736
Sudbury Town,0.024235589,4.03E-05,0.436866212
Redbridge,0.024210526,4.54E-05,0.433460543
Goldhawk Road,0.0239599,5.85E-05,0.488271251
Dagenham Heathway,0.023834586,3.90E-05,0.42071819
Leicester Square,0.023759398,7.83E-05,0.581173398
Walthamstow Central,0.023233083,5.22E-05,0.548926457
Bayswater,0.021528822,6.77E-05,0.563433237
Sudbury Hill,0.021077694,3.86E-05,0.435901858
Walthamstow Queens Road,0.020789474,5.00E-05,0.542074618
Crouch Hill,0.020451128,5.49E-05,0.525345213
Ruislip Manor,0.019849624,3.52E-05,0.358584637
Rickmansworth,0.019849624,2.76E-05,0.315865836
Cutty Sark,0.019849624,5.29E-05,0.168401621
Royal Albert,0.019849624,5.13E-05,0.26482174
West Silvertown,0.019849624,5.50E-05,0.554371525
Greenford,0.019849624,3.99E-05,0.394014722
Buckhurst Hill,0.019849624,3.85E-05,0.386057662
Bounds Green,0.019849624,4.87E-05,0.365108354
Hounslow West,0.019849624,3.53E-05,0.219073358
Hatch End,0.019849624,3.43E-05,0.243567578
Putney Bridge,0.019849624,5.54E-05,0.32758386
Brent Cross,0.019849624,4.75E-05,0.306376589
Tooting Bec,0.019849624,4.89E-05,0.256145707
South Harrow,0.019761905,3.80E-05,0.440479934
Gants Hill,0.019373434,4.27E-05,0.403507731
Dagenham East,0.019160401,3.73E-05,0.401681325
Kensington,0.018421053,6.28E-05,0.6182612
All Saints,0.018120301,6.23E-05,0.460437583
Shoreditch High Street,0.018007519,6.90E-05,0.565935505
Dalston Junction,0.017631579,6.83E-05,0.550308851
Leyton Midland Road,0.017506266,4.75E-05,0.518192705
Clapton,0.016842105,5.64E-05,0.524708223
Harringay Green Lanes,0.016729323,5.17E-05,0.538237712
Haggerston,0.016215539,6.71E-05,0.512606993
Hoxton,0.016177945,6.70E-05,0.52312972
Covent Garden,0.015864662,7.81E-05,0.511791016
South Tottenham,0.015639098,5.04E-05,0.561021406
Russell Square,0.015513784,7.78E-05,0.597121818
Cannon Street,0.015313283,7.62E-05,0.439710677
Queens Road Peckham,0.015313283,5.76E-05,0.497412604
Leytonstone High Road,0.015175439,4.63E-05,0.499935628
Imperial Wharf,0.015125313,5.88E-05,0.544333856
Ruislip,0.014924812,3.44E-05,0.296944256
Chorleywood,0.014924812,2.52E-05,0.305197875
Greenwich,0.014924812,5.12E-05,0.152475873
Beckton Park,0.014924812,4.96E-05,0.229041866
Pontoon Dock,0.014924812,5.28E-05,0.430357012
Gidea Park,0.014924812,3.30E-05,0.354239336
Kingsbury,0.014924812,4.25E-05,0.596703422
Northolt,0.014924812,3.73E-05,0.363095041
Loughton,0.014924812,3.60E-05,0.356582207
Arnos Grove,0.014924812,4.57E-05,0.33012986
Hatton Cross,0.014924812,3.22E-05,0.21254589
Southbury,0.014924812,4.03E-05,0.336750364
Carpenders Park,0.014924812,3.17E-05,0.234384833
Penge West,0.014924812,4.21E-05,0.279066234
East Putney,0.014924812,5.24E-05,0.292062795
Hendon Central,0.014924812,4.51E-05,0.276959678
Tooting Broadway,0.014924812,4.65E-05,0.234212035
West Finchley,0.014924812,4.20E-05,0.25749047
Langdon Park,0.014837093,6.11E-05,0.431764349
Temple,0.014837093,7.64E-05,0.503417467
Acton Central,0.01481203,5.20E-05,0.603457562
Newbury Park,0.014598997,3.90E-05,0.389637035
South Acton,0.014586466,5.16E-05,0.553603703
Elm Park,0.014486216,3.45E-05,0.394041223
St James Street,0.014172932,5.23E-05,0.523614732
Mansion House,0.014022556,7.58E-05,0.403198355
Blackfriars,0.01387218,7.56E-05,0.438109598
Wanstead Park,0.013659148,4.50E-05,0.497139605
Woodgrange Park,0.013333333,4.47E-05,0.50456809
Warwick Avenue,0.013258145,6.71E-05,0.522400503
Devons Road,0.012431078,5.97E-05,0.443636791
Peckham Rye,0.012431078,5.54E-05,0.478536056
Wandsworth Road,0.01226817,5.14E-05,0.506506267
Pudding Mill Lane,0.012092732,5.97E-05,0.575253188
Clapham Junction,0.011704261,5.38E-05,0.520693902
Bow Church,0.010764411,5.91E-05,0.499948479
Roding Valley,0.010175439,4.00E-05,0.388093968
Chalfont & Latimer,0.009987469,2.32E-05,0.295071686
Ickenham,0.009974937,3.24E-05,0.278641378
Deptford Bridge,0.009974937,4.93E-05,0.141609128
Cyprus,0.009974937,4.81E-05,0.200204924
London City Airport,0.009974937,4.98E-05,0.374568718
Harold Wood,0.009974937,3.08E-05,0.333796277
Queensbury,0.009974937,4.04E-05,0.501783208
South Ruislip,0.009974937,3.43E-05,0.341989063
Debden,0.009974937,3.36E-05,0.33367942
Southgate,0.009974937,4.19E-05,0.309722969
Turkey Street,0.009974937,3.64E-05,0.320947969
Wood Street,0.009974937,4.88E-05,0.473812281
Bushey,0.009974937,2.98E-05,0.223827827
Anerley,0.009974937,4.09E-05,0.240241877
Southfields,0.009974937,4.83E-05,0.27276745
Colindale,0.009974937,4.11E-05,0.263564211
Colliers Wood,0.009974937,4.39E-05,0.218429407
Woodside Park,0.009974937,4.04E-05,0.232505593
Barkingside,0.009887218,3.74E-05,0.369445796
Denmark Hill,0.009874687,5.34E-05,0.473725471
Hornchurch,0.009824561,3.29E-05,0.386021439
High Street Kensington,0.009360902,6.68E-05,0.61058264
West Acton,0.008947368,4.94E-05,0.505846936
Maida Vale,0.008922306,6.42E-05,0.498643193
Clapham High Street,0.008746867,5.12E-05,0.47446325
Ealing Broadway,0.006967419,4.72E-05,0.512974889
Goodge Street,0.006441103,7.67E-05,0.542821379
Kilburn Park,0.005651629,6.19E-05,0.517713767
Chigwell,0.005338346,3.69E-05,0.376724637
Fairlop,0.005175439,3.59E-05,0.358985033
Upminster Bridge,0.005162907,3.17E-05,0.381101169
Hillingdon,0.005,3.13E-05,0.253684126
Croxley,0.005,2.79E-05,0.313752274
Elverson Road,0.005,4.76E-05,0.131450952
Gallions Reach,0.005,4.65E-05,0.180828913
King George V,0.005,4.74E-05,0.32725646
Brentwood,0.005,2.65E-05,0.325607294
Canons Park,0.005,3.79E-05,0.448964052
Ruislip Gardens,0.005,3.33E-05,0.296541244
Theydon Bois,0.005,3.02E-05,0.32088362
Oakwood,0.005,3.89E-05,0.290571939
Heathrow Terminals 2 & 3,0.005,2.99E-05,0.207833206
Theobalds Grove,0.005,3.35E-05,0.304373123
Bush Hill Park,0.005,4.20E-05,0.328418512
Highams Park,0.005,4.34E-05,0.441605461
Kew Gardens,0.005,4.84E-05,0.489232206
Watford High Street,0.005,2.87E-05,0.209652311
Norwood Junction,0.005,3.82E-05,0.228143049
Wimbledon Park,0.005,4.53E-05,0.252645143
Burnt Oak,0.005,3.90E-05,0.244019661
South Wimbledon,0.005,4.19E-05,0.202172898
Totteridge & Whetstone,0.005,3.81E-05,0.218830822
Nine Elms,0.005,6.18E-05,0.564675178
Ravenscourt Park,0.003746867,5.83E-05,0.485610843
St. John's Wood,0.003734336,6.87E-05,0.618747457
Lambeth North,0.00264411,7.37E-05,0.556293221
Emerson Park,0.002368421,3.20E-05,0.383284156
Angel,0.002130326,7.58E-05,0.612543874
Old Street,0.001992481,7.48E-05,0.59471157
Upminster,0.001578947,3.06E-05,0.381400552
Stratford High Street,0.001503759,6.16E-05,0.520939828
Stamford Brook,0.001190476,5.71E-05,0.47370229
Swiss Cottage,0.001002506,6.62E-05,0.566647294
Abbey Road,0.00066416,6.10E-05,0.517100477
Grange Hill,0.000501253,3.52E-05,0.363992831
Hainault,0.000451128,3.49E-05,0.356679513
Aldgate,0.000388471,7.34E-05,0.572304371
Uxbridge,0,2.93E-05,0.242249482
Amersham,0,2.15E-05,0.285155647
Watford,0,2.64E-05,0.29573483
Chesham,0,2.02E-05,0.289671949
Star Lane,0,5.99E-05,0.578366855
Lewisham,0,4.63E-05,0.12025852
Tower Gateway,0,6.63E-05,0.554586583
Beckton,0,4.40E-05,0.170857173
Stratford International,0,5.83E-05,0.573687726
Woolwich Arsenal,0,4.25E-05,0.310563286
Shenfield,0,2.43E-05,0.313447493
Stanmore,0,3.59E-05,0.398658872
North Greenwich,0,5.94E-05,0.618050061
Brixton,0,5.81E-05,0.473354666
Marylebone,0,7.46E-05,0.543167754
West Ruislip,0,3.11E-05,0.280896373
Epping,0,2.80E-05,0.305962685
Cockfosters,0,3.70E-05,0.267495996
Heathrow Terminal 4,0,3.03E-05,0.207415684
Heathrow Terminal 5,0,2.78E-05,0.20104298
Cheshunt,0,3.19E-05,0.282122303
Enfield Town,0,3.97E-05,0.300435182
Chingford,0,3.86E-05,0.415976589
Richmond,0,4.38E-05,0.448823054
New Cross,0,5.72E-05,0.470618833
Crystal Palace,0,4.07E-05,0.289574804
Watford Junction,0,2.76E-05,0.197879291
West Croydon,0,3.43E-05,0.22128137
Battersea Park,0,4.85E-05,0.431819446
West Kensington,0,6.37E-05,0.540699219
Chiswick Park,0,5.40E-05,0.520594671
Wimbledon,0,4.22E-05,0.238147329
Edgware,0,3.69E-05,0.229312752
Morden,0,3.94E-05,0.192067716
Mill Hill East,0,4.15E-05,0.261232583
High Barnet,0,3.47E-05,0.211701189
Mornington Crescent,0,7.32E-05,0.534404616
Battersea Power Station,0,5.80E-05,0.466716374
